Workbook

Sheet Примеры
A1: Клеймы новинок — Корма и лакомства для собак и кошек (Ozon)
A2: Пилотный срез от 2026-07-31. Кандидаты в новинки отобраны через фильтр Ozon «Новинки» (это ускоряет поиск, но не гарантирует полноту — Ozon показывает не все объективно новые товары, а те, что попадают в его алгоритм продвижения). Начиная со следующего запуска, реальные новинки будут определяться сравнением ID товаров с базой data/products_history.csv.
A4: Дата обнаружения | B4: Вид животного | C4: Тип продукции | D4: Бренд | E4: Название товара | F4: ID на Ozon | G4: Ссылка | H4: Фото упаковки (URL) | I4: Кол-во категорий клеймов | J4: Все клеймы (кратко)
A5: 2026-07-31 | B5: Собаки | C5: Лакомства | D5: Triol | E5: Пончик жевательный с мясом утки | F5: 5214515666 | G5: https://www.ozon.ru/product/zhevatelnyy-ponchik-s-myasom-utki-dlya-sobak-5214515666/ | H5: https://ir.ozone.ru/s3/multimedia-1-n/wc1000/13008229403.jpg | I5: 3 | J5: 100% натурально; Dental (зубной налёт, дёсны); привлекает внимание
A6: 2026-07-31 | B6: Собаки | C6: Сухой корм | D6: GRANDORF | E6: Fresh Adult MAXI, ягнёнок с бататом, 3 кг (беззерновой) | F6: 5277005073 | G6: https://www.ozon.ru/product/suhoy-bezzernovoy-korm-grandorf-fresh-adult-maxi-dlya-sobak-krupnyh-porod-yagnenok-s-batatom-3-kg-v-5277005073/ | H6: https://ir.ozone.ru/s3/multimedia-1-q/wc1000/13183424738.jpg | I6: 5 | J6: Holistic&Hypoallergenic; Gut Health/пробиотики; глюкозамин/хондроитин; Omega-3/6; Grain Free; мясо ягнёнка первым ингредиентом
A7: 2026-07-31 | B7: Собаки | C7: Сухой корм | D7: AWARD | E7: Monoprotein, утка с яблоком и артишоком, 12 кг | F7: 5276044539 | G7: https://www.ozon.ru/product/suhoy-korm-dlya-sobak-vseh-porod-award-monoprotein-iz-utki-s-dobavleniem-yablok-i-artishoka-12kg-5276044539/ | H7: https://ir.ozone.ru/s3/multimedia-1-f/wc1000/13221055959.jpg | I7: 6 | J7: Premium Quality; Monoprotein; Hypo&Digestion; Low Grain; 100% BIO без ГМО; поддержка ЖКТ/иммунитета/кожи/мочевыдел.системы
A8: 2026-07-31 | B8: Собаки | C8: Влажный корм | D8: GRANDORF | E8: Fresh, паштет из индейки, беззерновой, 6х200 г | F8: 5259070728 | G8: https://www.ozon.ru/product/vlazhnyy-korm-dlya-sobak-s-indeykoy-bezzernovoy-pashtet-grandorf-konservy-gipoallergennye-nabor-5259070728/ | H8: https://ir.ozone.ru/s3/multimedia-1-e/wc1000/13158897062.jpg | I8: 3 | J8: Holistic&Hypoallergenic; 70% мяса; Monoprotein diet; Grain Free
A9: 2026-07-31 | B9: Собаки | C9: Влажный корм | D9: CLAN VET | E9: Hepatic — профилактика болезней печени, 340 г | F9: 5280647420 | G9: https://www.ozon.ru/product/vlazhnyy-dieticheskiy-korm-clan-vet-hepatic-dlya-sobak-profilaktika-bolezney-pecheni-340g-5280647420/ | H9: https://ir.ozone.ru/s3/multimedia-1-k/wc1000/13235339612.jpg | I9: 1 | J9: VET / ветеринарная профилактическая диета; профилактика болезней печени
A10: 2026-07-31 | B10: Собаки | C10: Лакомства | D10: Лопай лапой | E10: Лёгкое говяжье, сублимированное (freeze dried) | F10: 4685211777 | G10: https://www.ozon.ru/product/lakomstvo-sublimirovannoe-legkoe-govyazhe-naturalnye-freeze-dried-dog-treats-premialnyy-perekus-i-4685211777/ | H10: https://ir.ozone.ru/s3/multimedia-1-b/wc1000/11144536823.jpg | I10: 4 | J10: 100% натуральный вкус; технология Freeze Dried; способствует очищению зубов; удобно для поощрения
A11: 2026-07-31 | B11: Собаки | C11: Каши | D11: Альма | E11: Каша с говядиной, быстрого приготовления | F11: 5110846419 | G11: https://www.ozon.ru/product/kasha-s-govyadinoy-alma-korm-dlya-sobak-naturalnyy-5110846419/ | H11: https://ir.ozone.ru/s3/multimedia-v/wc1000/6858505111.jpg | I11: 2 | J11: Не требует варки; натуральное мясо в составе
A12: 2026-07-31 | B12: Кошки | C12: Сухой корм | D12: Premier | E12: Lamb & Turkey Adult Large, гипоаллергенный, 400 г | F12: 5277005334 | G12: https://www.ozon.ru/product/gipoallergennyy-suhoy-korm-dlya-vzroslyh-koshek-krupnyh-porod-premier-cat-lamb-turkey-adult-5277005334/ | H12: https://ir.ozone.ru/s3/multimedia-1-i/wc1000/13183412922.jpg | I12: 5 | J12: Hypoallergenic; при чувствит. пищеварении; Low Grain/Gluten Free; без курицы/кукурузы/пшеницы/сои; мясо первым ингредиентом; Made in Europe
A13: 2026-07-31 | B13: Кошки | C13: Сухой корм | D13: EDWIN | E13: Для кошек, склонных к аллергии, индейка, 8 кг | F13: 5243322000 | G13: https://www.ozon.ru/product/korm-suhoy-edwin-dlya-koshek-sklonnyh-k-allergii-indeyka-8-kg-5243322000/ | H13: https://ir.ozone.ru/s3/multimedia-1-n/wc1000/13105121819.jpg | I13: 4 | J13: Premium Food for Cats; Hypoallergenic; оптимальное пищеварение; защита иммунитета; высокое содержание белка
A14: 2026-07-31 | B14: Кошки | C14: Влажный корм | D14: GRANDORF | E14: Fresh, филе тунца с лососем в желе, 6х70 г | F14: 5248949561 | G14: https://www.ozon.ru/product/grandorf-fresh-vlazhnyy-korm-dlya-koshek-tunets-losos-6sht-h-70g-5248949561/ | H14: https://ir.ozone.ru/s3/multimedia-1-q/wc1000/7453596482.jpg | I14: 3 | J14: Holistic Nutrition; 60% мяса; филе тунца/лосося; Сделано в Таиланде
A15: 2026-07-31 | B15: Кошки | C15: Лакомства | D15: Titbit | E15: Трава для кошек (для проращивания), 40 г х 12 | F15: 4098300679 | G15: https://www.ozon.ru/product/titbit-lakomstva-dlya-koshek-oves-dlya-prorashchivaniya-40-gr-12-up-4098300679/ | H15: https://ir.ozone.ru/s3/multimedia-5/wc1000/6878482385.jpg | I15: 2 | J15: 100% натурально; немодифицированные семена; способствует пищеварению/выведению шерсти

Sheet Клеймы
A1: ID товара | B1: Название товара | C1: Вид животного | D1: Тип продукции | E1: Код категории | F1: Категория клейма | G1: Формулировки на упаковке
A2: 5214515666 | B2: Пончик жевательный с мясом утки | C2: Собаки | D2: Лакомства | E2: NAT | F2: Натуральность состава | G2: 100% натурально
A3: 5214515666 | B3: Пончик жевательный с мясом утки | C3: Собаки | D3: Лакомства | E3: DENT | F3: Стоматологическая польза | G3: Dental; снимает зубной налёт; массирует дёсна
A4: 5214515666 | B4: Пончик жевательный с мясом утки | C4: Собаки | D4: Лакомства | E4: TASTE | F4: Вкусовая привлекательность / поведение | G4: Привлекают внимание собаки на долгое время
A5: 5277005073 | B5: GRANDORF Fresh Adult MAXI | C5: Собаки | D5: Сухой корм | E5: HYPO | F5: Гипоаллергенность / чувствит. пищеварение | G5: Holistic & Hypoallergenic; при чувствительном пищеварении
A6: 5277005073 | B6: GRANDORF Fresh Adult MAXI | C6: Собаки | D6: Сухой корм | E6: FUNC | F6: Функциональная польза для здоровья | G6: Gut Health — Live Probiotics; Glucosamine and Chondroitin; Omega-3, Omega-6 Fatty Acids
A7: 5277005073 | B7: GRANDORF Fresh Adult MAXI | C7: Собаки | D7: Сухой корм | E7: NAT | F7: Натуральность состава | G7: 100% Natural Dog Food
A8: 5277005073 | B8: GRANDORF Fresh Adult MAXI | C8: Собаки | D8: Сухой корм | E8: GRAIN | F8: Беззерновой / монобелковый состав | G8: Grain Free; No: Grains, Chicken, By-products
A9: 5277005073 | B9: GRANDORF Fresh Adult MAXI | C9: Собаки | D9: Сухой корм | E9: MEAT | F9: Происхождение и качество мяса | G9: Fresh Lamb is the first ingredient
A10: 5276044539 | B10: AWARD Monoprotein (утка) | C10: Собаки | D10: Сухой корм | E10: HYPO | F10: Гипоаллергенность / чувствит. пищеварение | G10: Hypo & Digestion — при пищевой аллергии и непереносимости
A11: 5276044539 | B11: AWARD Monoprotein (утка) | C11: Собаки | D11: Сухой корм | E11: FUNC | F11: Функциональная польза для здоровья | G11: Поддержка пищеварения и иммунитета; поддержка мочевыделяющей системы; здоровая кожа и блестящая шерсть; крепкий иммунитет каждый день
A12: 5276044539 | B12: AWARD Monoprotein (утка) | C12: Собаки | D12: Сухой корм | E12: NAT | F12: Натуральность состава | G12: 100% BIO; без ГМО, красителей и ароматизаторов
... A39: 4098300679 | B39: Titbit — трава для кошек | C39: Кошки | D39: Лакомства | E39: FUNC | F39: Функциональная польза для здоровья | G39: Способствует пищеварению / выведению шерсти

Sheet Клеймы-справочник
A1: Код | B1: Категория клейма | C1: Описание | D1: Типичные формулировки
A2: HYPO | B2: Гипоаллергенность / чувствит. пищеварение | C2: Заявления об отсутствии типичных аллергенов, подходит при непереносимости, для чувствительного ЖКТ | D2: Hypoallergenic; при чувствительном пищеварении; Hypo & Digestion; без курицы/кукурузы/пшеницы/сои
A3: FUNC | B3: Функциональная польза для здоровья | C3: Конкретные функциональные преимущества сверх базового питания: иммунитет, суставы, кожа/шерсть, мочевыдел. система, ЖКТ | D3: Поддержка иммунитета; Glucosamine & Chondroitin; Omega-3/6; Gut Health; здоровая кожа и шерсть
A4: DENT | B4: Стоматологическая польза | C4: Уход за зубами и дёснами | D4: Dental; снимает зубной налёт; массирует дёсна; способствует очищению зубов
A5: VET | B5: Ветеринарная / лечебная диета | C5: Диета для профилактики или коррекции конкретных заболеваний, ветеринарное позиционирование бренда | D5: VET; профилактика болезней печени/почек/ЖКТ; лечебный корм
A6: NAT | B6: Натуральность состава | C6: Отсутствие искусственных добавок, ГМО, «чистая» этикетка | D6: 100% натурально; без ГМО, красителей и ароматизаторов; 100% BIO; Holistic Nutrition
A7: GRAIN | B7: Беззерновой / монобелковый состав | C7: Особый тип рецептуры по составу углеводов/белка | D7: Grain Free; Monoprotein; Low Grain; Gluten Free
A8: MEAT | B8: Происхождение и качество мяса | C8: Доля мяса, место мяса в составе, вид/качество ингредиента | D8: Мясо первым ингредиентом; 60-70% мяса; филе тунца/лосося; высокое содержание белка
A9: TECH | B9: Особая технология производства | C9: Способ обработки продукта, отличный от стандартного | D9: Freeze Dried; сублимированное; холодное прессование
A10: CONV | B10: Удобство использования | C10: Практичность для владельца при приготовлении/хранении | D10: Не требует варки; готовый рацион; быстрого приготовления
A11: ORIGIN | B11: Страна производства / премиум-позиционирование | C11: Указание страны изготовления или premium/super-premium статуса | D11: Made in Europe; Сделано в Таиланде; Premium Quality; Superpremium
A12: TASTE | B12: Вкусовая привлекательность / поведенческая польза | C12: Ориентация на удовольствие питомца или поведенческий эффект (игра, дрессировка, вывод шерсти) | D12: Любимое лакомство; для дрессировки; привлекает внимание; трава для кошек

Sheet Аналитика
A1: Аналитика: популярность направлений клеймов среди новинок
A2: Пилотная выборка: 11 новых карточек (собаки+кошки, корма и лакомства), срез от 2026-07-31. Каждая категория считается один раз на товар (не на фразу).
A4: Код | B4: Категория клейма | C4: Товаров с этой категорией | D4: Доля от выборки
A5: HYPO | B5: Гипоаллергенность / чувствит. пищеварение | C5: =COUNTIF(Клеймы!E:E,A5) | D5: =C5/11
A6: FUNC | B6: Функциональная польза для здоровья | C6: =COUNTIF(Клеймы!E:E,A6) | D6: =C6/11
A7: DENT | B7: Стоматологическая польза | C7: =COUNTIF(Клеймы!E:E,A7) | D7: =C7/11
A8: VET | B8: Ветеринарная / лечебная диета | C8: =COUNTIF(Клеймы!E:E,A8) | D8: =C8/11
A9: NAT | B9: Натуральность состава | C9: =COUNTIF(Клеймы!E:E,A9) | D9: =C9/11
A10: GRAIN | B10: Беззерновой / монобелковый состав | C10: =COUNTIF(Клеймы!E:E,A10) | D10: =C10/11
A11: MEAT | B11: Происхождение и качество мяса | C11: =COUNTIF(Клеймы!E:E,A11) | D11: =C11/11
A12: TECH | B12: Особая технология производства | C12: =COUNTIF(Клеймы!E:E,A12) | D12: =C12/11
A13: CONV | B13: Удобство использования | C13: =COUNTIF(Клеймы!E:E,A13) | D13: =C13/11
A14: ORIGIN | B14: Страна производства / премиум-позиционирование | C14: =COUNTIF(Клеймы!E:E,A14) | D14: =C14/11
A15: TASTE | B15: Вкусовая привлекательность / поведенческая польза | C15: =COUNTIF(Клеймы!E:E,A15) | D15: =C15/11
A16: Итого товаров в выборке: | C16: 11
A37: Выводы (пилотный срез, 1 день)
A38: 1. Натуральность состава (NAT) — самое частое направление: 7 из 11 новинок (64%) заявляют «100% натурально», «без ГМО/красителей/ароматизаторов» или Holistic-позиционирование. Это базовый «входной билет» для новых SKU, а не способ выделиться — конкурировать только на этом messaging уже сложно.
A39: 2. Гипоаллергенность/чувствительное пищеварение (HYPO) и происхождение мяса (MEAT) — второй по силе кластер (5 и 6 товаров соответственно). Заметно, что оба кластера сильнее выражены у сухих кормов средне-премиального сегмента (GRANDORF, AWARD, Premier, EDWIN), чем у лакомств и влажных кормов эконом-сегмента.
A40: 3. Функциональная польза для здоровья (FUNC: иммунитет/суставы/кожа/ЖКТ) присутствует у 5 из 11 — почти всегда в связке с HYPO у премиальных брендов: гипоаллергенность подаётся не изолированно, а как часть общего «велнес»-позиционирования.
A41: 4. Беззерновой/монобелковый состав (GRAIN) — устойчивый, но не доминирующий тренд (4/11, все — сухие/влажные корма, ни одного лакомства). Похоже, это messaging для основного рациона, а не для снеков.
A42: 5. Нишевые направления: ветеринарная лечебная диета (VET) и особая технология производства (TECH, например Freeze Dried) встретились всего по 1 разу — но это именно те направления, которые сильнее всего дифференцируют продукт от массового «натурально + гипоаллергенно». Стоит следить за их динамикой отдельно.
A43: 6. Вкусовая/поведенческая польза (TASTE) и удобство использования (CONV) заявляются почти исключительно у лакомств и каш — рациональный messaging (эффективность/удобство) для кормов, эмоциональный — для снеков.
A45: Методологическая оговорка: это пилотный срез за один день, отобранный через сортировку Ozon «Новинки», которая отражает не полный список новых товаров, а алгоритмически продвигаемые карточки. Достоверная недельная динамика (какие направления клеймов растут/падают) появится после нескольких ежедневных запусков, когда база data/products_history.csv накопит историю и позволит находить новинки через сравнение ID товаров, а не только через фильтр Ozon.
